Event_Title,Start_Date,Start_Time,End_Date,End_Time,Category,Tags,Excerpt,Location_Business_Name,Location_Address,Location_City_State_ZIP,Event_URL,Event_Image,Text_Block,Published_Date,Workflow_State
Camera Courses For Beginners - Week 2 of 3 - Coventry Jan,13/01/2026,19:00:00,13/01/2026,21:00:00,"beginners-courses,beginners-photography,courses-near-me,location-coventry","camera-settings,composition,exposure,photo-critiques,dslr-settings,Week 2",13/01/2026Coventry - 3-week camera courses for beginners - Everything to get off Automatic mode and learn how to be more creative with Composition and Camera,Coventry,"45 Hathaway Road, Coventry, England, CV4 9HW, United Kingdom",CV4 9HW,https://www.alanranger.com/beginners-photography-lessons/camera-courses-for-beginners-coventry-,https://images.squarespace-cdn.com/content/v1/5013f4b2c4aaa4752ac69b17/1629536412755-A3NEF7ZNBOQ1044I8WVM/beginners-photography-courses.jpg,,13/05/2025 14:16,Published
Camera Courses For Beginners - Week 1 of 3 - Coventry 15-1,15/01/2026,19:00:00,15/01/2026,21:00:00,"beginners-courses,beginners-photography,courses-near-me,enrol-date,location-coventry","camera-settings,composition,exposure,photo-critiques,dslr-settings,Week-1",15/01/2026Coventry - 3-week camera courses for beginners - Everything to get off Automatic mode and learn how to be more creative with Composition and Camera,Coventry,"45 Hathaway Road, Coventry, England, CV4 9HW, United Kingdom",CV4 9HW,https://www.alanranger.com/beginners-photography-lessons/camera-courses-for-beginners-coventry-2n74k,https://images.squarespace-cdn.com/content/v1/5013f4b2c4aaa4752ac69b17/1629536412755-A3NEF7ZNBOQ1044I8WVM/beginners-photography-courses.jpg,,14/12/2025 10:48,Published
Camera Courses For Beginners - Week 3 of 3 - Coventry Jan,20/01/2026,19:00:00,20/01/2026,21:00:00,"beginners-courses,beginners-photography,courses-near-me,location-coventry","camera-settings,composition,exposure,photo-critiques,dslr-settings",20/01/2026Coventry - 3-week camera courses for beginners - Everything to get off Automatic mode and learn how to be more creative with Composition and Camera,Coventry,"45 Hathaway Road, Coventry, England, CV4 9HW, United Kingdom",CV4 9HW,https://www.alanranger.com/beginners-photography-lessons/camera-courses-for-beginners-coventry-be4sb,https://images.squarespace-cdn.com/content/v1/5013f4b2c4aaa4752ac69b17/1629536412755-A3NEF7ZNBOQ1044I8WVM/beginners-photography-courses.jpg,,13/05/2025 14:17,Published
Camera Courses For Beginners - Week 2 of 3 - Coventry 22-1,22/01/2026,19:00:00,22/01/2026,21:00:00,"beginners-courses,beginners-photography,courses-near-me,location-coventry","camera-settings,composition,exposure,photo-critiques,dslr-settings,Week 2",22/01/2026Coventry - 3-week camera courses for beginners - Everything to get off Automatic mode and learn how to be more creative with Composition and Camera,Coventry,"45 Hathaway Road, Coventry, England, CV4 9HW, United Kingdom",CV4 9HW,https://www.alanranger.com/beginners-photography-lessons/camera-courses-for-beginners-coventry-dg9pz,https://images.squarespace-cdn.com/content/v1/5013f4b2c4aaa4752ac69b17/1629536412755-A3NEF7ZNBOQ1044I8WVM/beginners-photography-courses.jpg,,14/12/2025 10:48,Published
Camera Courses For Beginners - Week 3 of 3 - Coventry 29-1,29/01/2026,19:00:00,29/01/2026,21:00:00,"beginners-courses,beginners-photography,courses-near-me,location-coventry","camera-settings,composition,exposure,photo-critiques,dslr-settings,Week 2",29/01/2026Coventry - 3-week camera courses for beginners - Everything to get off Automatic mode and learn how to be more creative with Composition and Camera,Coventry,"45 Hathaway Road, Coventry, England, CV4 9HW, United Kingdom",CV4 9HW,https://www.alanranger.com/beginners-photography-lessons/camera-courses-for-beginners-coventry-nhjlm,https://images.squarespace-cdn.com/content/v1/5013f4b2c4aaa4752ac69b17/1629536412755-A3NEF7ZNBOQ1044I8WVM/beginners-photography-courses.jpg,,14/12/2025 10:49,Published
RPS Courses - RPS Distinctions Course - Enrol Anytime-3-2,03/02/2026,19:00:00,03/02/2026,21:00:00,"rps-classes,location-online","composition,lightroom,photo-critiques,photo-editing,photoshop,rps",03/02/2026RPS Courses - RPS Distinctions - Enrol Anytime - Online Mentoring sessions to gain a distinction with the Royal Photographic Society via Zoom,Online - Virtual Class - Zoom Meeting,United Kingdom,,https://www.alanranger.com/beginners-photography-lessons/rps-courses-rps-distinctions-mentoring-5,https://images.squarespace-cdn.com/content/v1/5013f4b2c4aaa4752ac69b17/1685445150893-KNP35P159NIWH07BZSXM/RPS-Distinctions-photography-course.jpg,,04/11/2025 18:10,Published
Camera Courses For Beginners - Week 1 of 3 - Coventry Feb,04/02/2026,19:00:00,04/02/2026,21:00:00,"beginners-courses,beginners-photography,enrol-date,location-coventry,courses-near-me","camera-settings,exposure,photo-critiques,dslr-settings,Week-1",04/02/2026Coventry - 3-week camera courses for beginners - Everything to get off Automatic mode and learn how to be more creative with Composition and Camera,Alan Ranger Photography,"45 Hathaway Road, Coventry, West Midlands, CV4 9HW, United Kingdom",CV4 9HW,https://www.alanranger.com/beginners-photography-lessons/camera-courses-for-beginners-week-1,https://images.squarespace-cdn.com/content/v1/5013f4b2c4aaa4752ac69b17/1739790053633-OK80ELPCAKC96CKJLXA3/beginners-photography-courses.jpg,,04/08/2025 17:42,Published
Camera Courses For Beginners - Week 1 of 3 - Coventry- 9-2,09/02/2026,19:00:00,09/02/2026,21:00:00,"beginners-courses,beginners-photography,courses-near-me,enrol-date,location-coventry","camera-settings,composition,exposure,photo-critiques,dslr-settings,Week-1",09/02/2026Coventry - 3-week camera courses for beginners - Everything to get off Automatic mode and learn how to be more creative with Composition and Camera,Coventry,"45 Hathaway Road, Coventry, England, CV4 9HW, United Kingdom",CV4 9HW,https://www.alanranger.com/beginners-photography-lessons/camera-courses-for-beginners-coventry-bds4t,https://images.squarespace-cdn.com/content/v1/5013f4b2c4aaa4752ac69b17/1629536412755-A3NEF7ZNBOQ1044I8WVM/beginners-photography-courses.jpg,,04/11/2025 18:11,Published
Camera Courses For Beginners - Week 2 of 3 - Coventry Feb,11/02/2026,19:00:00,11/02/2026,21:00:00,"beginners-courses,beginners-photography,courses-near-me,location-coventry","camera-settings,exposure,photo-critiques,dslr-settings,Week 2",11/02/2026Coventry - 3-week camera courses for beginners - Everything to get off Automatic mode and learn how to be more creative with Composition and Camera,Alan Ranger Photography,"45 Hathaway Road, Coventry, West Midlands, CV4 9HW, United Kingdom",CV4 9HW,https://www.alanranger.com/beginners-photography-lessons/camera-courses-for-beginners-wk2,https://images.squarespace-cdn.com/content/v1/5013f4b2c4aaa4752ac69b17/1739790053633-OK80ELPCAKC96CKJLXA3/beginners-photography-courses.jpg,,04/08/2025 17:42,Published
Camera Courses For Beginners - Week 2 of 3 - Coventry 16-2,16/02/2026,19:00:00,16/02/2026,21:00:00,"beginners-courses,beginners-photography,courses-near-me,location-coventry","camera-settings,composition,exposure,photo-critiques,dslr-settings,Week 2",16/02/2026Coventry - 3-week camera courses for beginners - Everything to get off Automatic mode and learn how to be more creative with Composition and Camera,Coventry,"45 Hathaway Road, Coventry, England, CV4 9HW, United Kingdom",CV4 9HW,https://www.alanranger.com/beginners-photography-lessons/camera-courses-for-beginners-coventry-2sj27,https://images.squarespace-cdn.com/content/v1/5013f4b2c4aaa4752ac69b17/1629536412755-A3NEF7ZNBOQ1044I8WVM/beginners-photography-courses.jpg,,04/11/2025 18:11,Published
Camera Courses For Beginners - Week 3 of 3 - Coventry,18/02/2026,19:00:00,18/02/2026,21:00:00,"beginners-courses,beginners-photography,courses-near-me,location-coventry","camera-settings,dslr-settings,photo-critiques,exposure",18/02/2026Coventry - 3-week camera courses for beginners - Everything to get off Automatic mode and learn how to be more creative with Composition and Camera,Alan Ranger Photography,"45 Hathaway Road, Coventry, West Midlands, CV4 9HW, United Kingdom",CV4 9HW,https://www.alanranger.com/beginners-photography-lessons/camera-courses-for-beginners-week-3,https://images.squarespace-cdn.com/content/v1/5013f4b2c4aaa4752ac69b17/1739790053633-OK80ELPCAKC96CKJLXA3/beginners-photography-courses.jpg,,04/08/2025 17:42,Published
Camera Courses For Beginners - Week 3 of 3 - Coventry 23-2,23/02/2026,19:00:00,23/02/2026,21:00:00,"beginners-courses,beginners-photography,courses-near-me,location-coventry","camera-settings,composition,exposure,photo-critiques,dslr-settings",23/02/2026Coventry - 3-week camera courses for beginners - Everything to get off Automatic mode and learn how to be more creative with Composition and Camera,Coventry,"45 Hathaway Road, Coventry, England, CV4 9HW, United Kingdom",CV4 9HW,https://www.alanranger.com/beginners-photography-lessons/camera-courses-for-beginners-coventry-2k99k,https://images.squarespace-cdn.com/content/v1/5013f4b2c4aaa4752ac69b17/1629536412755-A3NEF7ZNBOQ1044I8WVM/beginners-photography-courses.jpg,,04/11/2025 18:12,Published
RPS Courses - RPS Distinctions Course - Enrol Anytime -3-3,03/03/2026,19:00:00,03/03/2026,21:00:00,"rps-classes,location-online","composition,lightroom,photo-critiques,photo-editing,photoshop,rps",03/03/2026RPS Courses - RPS Distinctions - Enrol Anytime - Online Mentoring sessions to gain a distinction with the Royal Photographic Society via Zoom,Online - Virtual Class - Zoom Meeting,United Kingdom,,https://www.alanranger.com/beginners-photography-lessons/rps-courses-rps-distinctions-mentoring-1,https://images.squarespace-cdn.com/content/v1/5013f4b2c4aaa4752ac69b17/1685445150893-KNP35P159NIWH07BZSXM/RPS-Distinctions-photography-course.jpg,,04/11/2025 18:12,Published
Lightroom Classic Photo Editing Classes -Week 1 of 3 -4-3,04/03/2026,19:00:00,04/03/2026,21:00:00,"beginners-lightroom,courses-near-me,enrol-date,location-coventry","collections,composition,exporting,exposure,lightroom,photo-critiques,photo-editing,photoshop,Week-1",04/03/2026Coventry - Lightroom photo editing classes - Learn how to use Lightroom Classic on this 3-week course. From the organisation and workflow to editing,Coventry,"45 Hathaway Road, Coventry, England, CV4 9HW, United Kingdom",CV4 9HW,https://www.alanranger.com/beginners-photography-lessons/lightroom-photo-editing-classes-wk1-xx94r,https://images.squarespace-cdn.com/content/v1/5013f4b2c4aaa4752ac69b17/1675589565448-JHL9406XQ7598QHPOLW5/-LIGHTROOM+COURSE+BLACK.png,,12/01/2026 14:53,Published
Camera Courses For Beginners - Week 1 of 3 - Coventry 5-3,05/03/2026,19:00:00,05/03/2026,21:00:00,"beginners-courses,beginners-photography,courses-near-me,enrol-date,location-coventry","camera-settings,composition,exposure,photo-critiques,dslr-settings,Week-1",05/03/2026Coventry - 3-week camera courses for beginners - Everything to get off Automatic mode and learn how to be more creative with Composition and Camera,Coventry,"45 Hathaway Road, Coventry, England, CV4 9HW, United Kingdom",CV4 9HW,https://www.alanranger.com/beginners-photography-lessons/camera-courses-for-beginners-coventry-zbcfe,https://images.squarespace-cdn.com/content/v1/5013f4b2c4aaa4752ac69b17/1629536412755-A3NEF7ZNBOQ1044I8WVM/beginners-photography-courses.jpg,,13/11/2025 18:47,Published
Camera Courses For Beginners - Week 1 of 3 - Coventry 9-3,09/03/2026,19:00:00,09/03/2026,21:00:00,"beginners-courses,beginners-photography,courses-near-me,enrol-date,location-coventry",,09/03/2026Coventry - 3-week camera courses for beginners - Everything to get off Automatic mode and learn how to be more creative with Composition and Camera,Alan Ranger Photography,"45 Hathaway Road, Coventry, England, CV4 9HW, United Kingdom",CV4 9HW,https://www.alanranger.com/beginners-photography-lessons/camera-courses-for-beginners-coventry-7breh,https://images.squarespace-cdn.com/content/v1/5013f4b2c4aaa4752ac69b17/1629536412755-A3NEF7ZNBOQ1044I8WVM/beginners-photography-courses.jpg,,04/11/2025 18:12,Published
Lightroom Classic Photo Editing Classes -Week 2 of 3 - 11-3,11/03/2026,19:00:00,11/03/2026,21:00:00,"beginners-lightroom,courses-near-me,location-coventry","collections,composition,exporting,exposure,lightroom,photo-critiques,photo-editing,photoshop",11/03/2026Coventry - Lightroom photo editing classes - Learn how to use Lightroom Classic on this 3-week course. From the organisation and workflow to editing,Coventry,"45 Hathaway Road, Coventry, England, CV4 9HW, United Kingdom",CV4 9HW,https://www.alanranger.com/beginners-photography-lessons/lightroom-photo-editing-classes-wk2-55f3d,https://images.squarespace-cdn.com/content/v1/5013f4b2c4aaa4752ac69b17/1675589565448-JHL9406XQ7598QHPOLW5/-LIGHTROOM+COURSE+BLACK.png,,12/01/2026 14:53,Published
Camera Courses For Beginners - Week 2 of 3 - Coventry 12-3,12/03/2026,19:00:00,12/03/2026,21:00:00,"beginners-courses,beginners-photography,courses-near-me,location-coventry","camera-settings,composition,exposure,photo-critiques,dslr-settings,Week 2",12/03/2026Coventry - 3-week camera courses for beginners - Everything to get off Automatic mode and learn how to be more creative with Composition and Camera,Coventry,"45 Hathaway Road, Coventry, England, CV4 9HW, United Kingdom",CV4 9HW,https://www.alanranger.com/beginners-photography-lessons/camera-courses-for-beginners-coventry-4pp2p,https://images.squarespace-cdn.com/content/v1/5013f4b2c4aaa4752ac69b17/1629536412755-A3NEF7ZNBOQ1044I8WVM/beginners-photography-courses.jpg,,13/11/2025 18:46,Published
Camera Courses For Beginners - Week 2 of 3 - Coventry 16-3,16/03/2026,19:00:00,16/03/2026,21:00:00,"beginners-courses,beginners-photography,courses-near-me,location-coventry","camera-settings,composition,exposure,photo-critiques,dslr-settings,Week 2",16/03/2026Coventry - 3-week camera courses for beginners - Everything to get off Automatic mode and learn how to be more creative with Composition and Camera,Coventry,"45 Hathaway Road, Coventry, England, CV4 9HW, United Kingdom",CV4 9HW,https://www.alanranger.com/beginners-photography-lessons/camera-courses-for-beginners-coventry-hl4tm,https://images.squarespace-cdn.com/content/v1/5013f4b2c4aaa4752ac69b17/1629536412755-A3NEF7ZNBOQ1044I8WVM/beginners-photography-courses.jpg,,04/08/2025 18:19,Published
Lightroom Classic Photo Editing Classes -Week 3 of 3 - 18-3,18/03/2026,19:00:00,18/03/2026,21:00:00,"beginners-lightroom,courses-near-me,location-coventry","collections,composition,exporting,exposure,lightroom,photo-critiques,photo-editing,photoshop",18/03/2026Coventry - Lightroom photo editing classes - Learn how to use Lightroom Classic on this 3-week course. From the organisation and workflow to editing,Coventry,"45 Hathaway Road, Coventry, England, CV4 9HW, United Kingdom",CV4 9HW,https://www.alanranger.com/beginners-photography-lessons/lightroom-photo-editing-classes-wk3-42ynf,https://images.squarespace-cdn.com/content/v1/5013f4b2c4aaa4752ac69b17/1675589565448-JHL9406XQ7598QHPOLW5/-LIGHTROOM+COURSE+BLACK.png,,12/01/2026 14:53,Published
Camera Courses For Beginners - Week 3 of 3 - Coventry 19-3,19/03/2026,19:00:00,19/03/2026,21:00:00,"beginners-courses,beginners-photography,courses-near-me,location-coventry","camera-settings,composition,exposure,photo-critiques,dslr-settings,Week 2",19/03/2026Coventry - 3-week camera courses for beginners - Everything to get off Automatic mode and learn how to be more creative with Composition and Camera,Coventry,"45 Hathaway Road, Coventry, England, CV4 9HW, United Kingdom",CV4 9HW,https://www.alanranger.com/beginners-photography-lessons/camera-courses-for-beginners-coventry-8s2ka,https://images.squarespace-cdn.com/content/v1/5013f4b2c4aaa4752ac69b17/1629536412755-A3NEF7ZNBOQ1044I8WVM/beginners-photography-courses.jpg,,13/11/2025 18:46,Published
Camera Courses For Beginners - Week 3 of 3 - Coventry 23-3,23/03/2026,19:00:00,23/03/2026,21:00:00,"beginners-courses,beginners-photography,courses-near-me,location-coventry","camera-settings,composition,exposure,photo-critiques,dslr-settings",23/03/2026Coventry - 3-week camera courses for beginners - Everything to get off Automatic mode and learn how to be more creative with Composition and Camera,Coventry,"45 Hathaway Road, Coventry, England, CV4 9HW, United Kingdom",CV4 9HW,https://www.alanranger.com/beginners-photography-lessons/camera-courses-for-beginners-coventry-s2klg,https://images.squarespace-cdn.com/content/v1/5013f4b2c4aaa4752ac69b17/1629536412755-A3NEF7ZNBOQ1044I8WVM/beginners-photography-courses.jpg,,04/08/2025 18:19,Published
RPS Courses - RPS Distinctions Course - Enrol Anytime -1-4,01/04/2026,19:00:00,01/04/2026,21:00:00,"rps-classes,location-online","composition,lightroom,photo-critiques,photo-editing,photoshop,rps",01/04/2026RPS Courses - RPS Distinctions - Enrol Anytime - Online Mentoring sessions to gain a distinction with the Royal Photographic Society via Zoom,Online - Virtual Class - Zoom Meeting,United Kingdom,,https://www.alanranger.com/beginners-photography-lessons/rps-courses-rps-distinctions-mentoring-2,https://images.squarespace-cdn.com/content/v1/5013f4b2c4aaa4752ac69b17/1685445150893-KNP35P159NIWH07BZSXM/RPS-Distinctions-photography-course.jpg,,04/11/2025 18:14,Published
Camera Courses For Beginners - Week 1 of 3 - Coventry Apr,01/04/2026,19:00:00,01/04/2026,21:00:00,"beginners-courses,beginners-photography,courses-near-me,enrol-date,location-coventry","camera-settings,composition,exposure,photo-critiques,dslr-settings,Week-1",01/04/2026Coventry - 3-week camera courses for beginners - Everything to get off Automatic mode and learn how to be more creative with Composition and Camera,Coventry,"45 Hathaway Road, Coventry, England, CV4 9HW, United Kingdom",CV4 9HW,https://www.alanranger.com/beginners-photography-lessons/camera-courses-for-beginners-coventry-8ar5x,https://images.squarespace-cdn.com/content/v1/5013f4b2c4aaa4752ac69b17/1629536412755-A3NEF7ZNBOQ1044I8WVM/beginners-photography-courses.jpg,,13/11/2025 19:04,Published
Camera Courses For Beginners - Week 1 of 3 - Coventry 2-4,02/04/2026,19:00:00,02/04/2026,21:00:00,"beginners-courses,beginners-photography,courses-near-me,enrol-date,location-coventry","camera-settings,composition,exposure,photo-critiques,dslr-settings,Week-1",02/04/2026Coventry - 3-week camera courses for beginners - Everything to get off Automatic mode and learn how to be more creative with Composition and Camera,Coventry,"45 Hathaway Road, Coventry, England, CV4 9HW, United Kingdom",CV4 9HW,https://www.alanranger.com/beginners-photography-lessons/camera-courses-for-beginners-coventry-w5nkt,https://images.squarespace-cdn.com/content/v1/5013f4b2c4aaa4752ac69b17/1629536412755-A3NEF7ZNBOQ1044I8WVM/beginners-photography-courses.jpg,,04/11/2025 18:14,Published
Camera Courses For Beginners - Week 1 of 3 - Coventry 8-Apr,08/04/2026,19:00:00,08/04/2026,21:00:00,"beginners-courses,beginners-photography,courses-near-me,enrol-date,location-coventry","camera-settings,composition,exposure,photo-critiques,dslr-settings,Week-1",08/04/2026Coventry - 3-week camera courses for beginners - Everything to get off Automatic mode and learn how to be more creative with Composition and Camera,Coventry,"45 Hathaway Road, Coventry, England, CV4 9HW, United Kingdom",CV4 9HW,https://www.alanranger.com/beginners-photography-lessons/camera-courses-for-beginners-coventry-dfe,https://images.squarespace-cdn.com/content/v1/5013f4b2c4aaa4752ac69b17/1629536412755-A3NEF7ZNBOQ1044I8WVM/beginners-photography-courses.jpg,,13/11/2025 19:05,Published
Camera Courses For Beginners - Week 2 of 3 - Coventry 9-4,09/04/2026,19:00:00,09/04/2026,21:00:00,"beginners-courses,beginners-photography,courses-near-me,location-coventry","camera-settings,composition,exposure,photo-critiques,dslr-settings,Week 2",09/04/2026Coventry - 3-week camera courses for beginners - Everything to get off Automatic mode and learn how to be more creative with Composition and Camera,Coventry,"45 Hathaway Road, Coventry, England, CV4 9HW, United Kingdom",CV4 9HW,https://www.alanranger.com/beginners-photography-lessons/camera-courses-for-beginners-coventry-dhecf,https://images.squarespace-cdn.com/content/v1/5013f4b2c4aaa4752ac69b17/1629536412755-A3NEF7ZNBOQ1044I8WVM/beginners-photography-courses.jpg,,04/11/2025 18:14,Published
Camera Courses For Beginners - Week 3 of 3 - Coventry Apr,15/04/2026,19:00:00,15/04/2026,21:00:00,"beginners-courses,beginners-photography,courses-near-me,location-coventry","camera-settings,composition,exposure,photo-critiques,dslr-settings,Week 2",15/04/2026Coventry - 3-week camera courses for beginners - Everything to get off Automatic mode and learn how to be more creative with Composition and Camera,Coventry,"45 Hathaway Road, Coventry, England, CV4 9HW, United Kingdom",CV4 9HW,https://www.alanranger.com/beginners-photography-lessons/camera-courses-for-beginners-coventry-3yj3h,https://images.squarespace-cdn.com/content/v1/5013f4b2c4aaa4752ac69b17/1629536412755-A3NEF7ZNBOQ1044I8WVM/beginners-photography-courses.jpg,,13/11/2025 19:05,Published
Camera Courses For Beginners - Week 3 of 3 - Coventry 16-4,16/04/2026,19:00:00,16/04/2026,21:00:00,"beginners-courses,beginners-photography,courses-near-me,location-coventry","camera-settings,composition,exposure,photo-critiques,dslr-settings,Week 2",16/04/2026Coventry - 3-week camera courses for beginners - Everything to get off Automatic mode and learn how to be more creative with Composition and Camera,Coventry,"45 Hathaway Road, Coventry, England, CV4 9HW, United Kingdom",CV4 9HW,https://www.alanranger.com/beginners-photography-lessons/camera-courses-for-beginners-coventry-nzwzx,https://images.squarespace-cdn.com/content/v1/5013f4b2c4aaa4752ac69b17/1629536412755-A3NEF7ZNBOQ1044I8WVM/beginners-photography-courses.jpg,,04/11/2025 18:14,Published
Camera Courses For Beginners - Week 1 of 3 - Coventry 5-5,05/05/2026,19:00:00,05/05/2026,21:00:00,"beginners-courses,beginners-photography,courses-near-me,enrol-date,location-coventry","camera-settings,composition,exposure,photo-critiques,dslr-settings,Week-1",05/05/2026Coventry - 3-week camera courses for beginners - Everything to get off Automatic mode and learn how to be more creative with Composition and Camera,Coventry,"45 Hathaway Road, Coventry, England, CV4 9HW, United Kingdom",CV4 9HW,https://www.alanranger.com/beginners-photography-lessons/camera-courses-for-beginners-coventry-oct1,https://images.squarespace-cdn.com/content/v1/5013f4b2c4aaa4752ac69b17/1629536412755-A3NEF7ZNBOQ1044I8WVM/beginners-photography-courses.jpg,,04/11/2025 18:14,Published
Camera Courses For Beginners - Week 2 of 3 - Coventry 7-5,07/05/2026,19:00:00,07/05/2026,21:00:00,"beginners-courses,beginners-photography,courses-near-me,location-coventry","camera-settings,composition,exposure,photo-critiques,dslr-settings,Week 2",07/05/2026Coventry - 3-week camera courses for beginners - Everything to get off Automatic mode and learn how to be more creative with Composition and Camera,Coventry,"45 Hathaway Road, Coventry, England, CV4 9HW, United Kingdom",CV4 9HW,https://www.alanranger.com/beginners-photography-lessons/camera-courses-for-beginners-coventry-wc34j,https://images.squarespace-cdn.com/content/v1/5013f4b2c4aaa4752ac69b17/1629536412755-A3NEF7ZNBOQ1044I8WVM/beginners-photography-courses.jpg,,13/11/2025 19:11,Published
Camera Courses For Beginners - Week 2 of 3 - Coventry 12-5,12/05/2026,19:00:00,12/05/2026,21:00:00,"beginners-courses,beginners-photography,courses-near-me,location-coventry","camera-settings,composition,exposure,photo-critiques,dslr-settings,Week 2",12/05/2026Coventry - 3-week camera courses for beginners - Everything to get off Automatic mode and learn how to be more creative with Composition and Camera,Coventry,"45 Hathaway Road, Coventry, England, CV4 9HW, United Kingdom",CV4 9HW,https://www.alanranger.com/beginners-photography-lessons/camera-courses-for-beginners-coventry-oct2,https://images.squarespace-cdn.com/content/v1/5013f4b2c4aaa4752ac69b17/1629536412755-A3NEF7ZNBOQ1044I8WVM/beginners-photography-courses.jpg,,04/11/2025 18:15,Published
Lightroom Classic Photo Editing Classes - Week 1 of 3 -13-5,13/05/2026,19:00:00,13/05/2026,21:00:00,"beginners-lightroom,courses-near-me,enrol-date,location-coventry","collections,composition,exporting,exposure,lightroom,photo-critiques,photo-editing,photoshop,Week-1",13/05/2026Coventry - Lightroom photo editing classes - Learn how to use Lightroom Classic on this 3-week course. From the organisation and workflow to editing,Coventry,"45 Hathaway Road, Coventry, England, CV4 9HW, United Kingdom",CV4 9HW,https://www.alanranger.com/beginners-photography-lessons/lightroom-photo-editing-classes-wk1-rrkhn,https://images.squarespace-cdn.com/content/v1/5013f4b2c4aaa4752ac69b17/1675589565448-JHL9406XQ7598QHPOLW5/-LIGHTROOM+COURSE+BLACK.png,,12/01/2026 14:53,Published
Camera Courses For Beginners - Week 2 of 3 - Coventry 14-5,14/05/2026,19:00:00,14/05/2026,21:00:00,"beginners-courses,beginners-photography,courses-near-me,location-coventry","camera-settings,composition,exposure,photo-critiques,dslr-settings,Week 2",14/05/2026Coventry - 3-week camera courses for beginners - Everything to get off Automatic mode and learn how to be more creative with Composition and Camera,Coventry,"45 Hathaway Road, Coventry, England, CV4 9HW, United Kingdom",CV4 9HW,https://www.alanranger.com/beginners-photography-lessons/camera-courses-for-beginners-coventry-hnp3g,https://images.squarespace-cdn.com/content/v1/5013f4b2c4aaa4752ac69b17/1629536412755-A3NEF7ZNBOQ1044I8WVM/beginners-photography-courses.jpg,,13/11/2025 19:12,Published
Camera Courses For Beginners - Week 3 of 3 - Coventry 19-5,19/05/2026,19:00:00,19/05/2026,21:00:00,"beginners-courses,beginners-photography,courses-near-me,location-coventry","camera-settings,composition,exposure,photo-critiques,dslr-settings",19/05/2026Coventry - 3-week camera courses for beginners - Everything to get off Automatic mode and learn how to be more creative with Composition and Camera,Coventry,"45 Hathaway Road, Coventry, England, CV4 9HW, United Kingdom",CV4 9HW,https://www.alanranger.com/beginners-photography-lessons/camera-courses-for-beginners-coventry-oct3,https://images.squarespace-cdn.com/content/v1/5013f4b2c4aaa4752ac69b17/1629536412755-A3NEF7ZNBOQ1044I8WVM/beginners-photography-courses.jpg,,04/11/2025 18:15,Published
Lightroom Classic Photo Editing Classes - Week 2 of 3 - 20-5,20/05/2026,19:00:00,20/05/2026,21:00:00,"beginners-lightroom,courses-near-me,location-coventry","collections,composition,exporting,exposure,lightroom,photo-critiques,photo-editing,photoshop",20/05/2026Coventry - Lightroom photo editing classes - Learn how to use Lightroom Classic on this 3-week course. From the organisation and workflow to editing,Coventry,"45 Hathaway Road, Coventry, England, CV4 9HW, United Kingdom",CV4 9HW,https://www.alanranger.com/beginners-photography-lessons/lightroom-photo-editing-classes-wk2-y3262,https://images.squarespace-cdn.com/content/v1/5013f4b2c4aaa4752ac69b17/1675589565448-JHL9406XQ7598QHPOLW5/-LIGHTROOM+COURSE+BLACK.png,,12/01/2026 14:52,Published
Camera Courses For Beginners - Week 3 of 3 - Coventry 21-5,21/05/2026,19:00:00,21/05/2026,21:00:00,"beginners-courses,beginners-photography,courses-near-me,location-coventry","camera-settings,composition,exposure,photo-critiques,dslr-settings",21/05/2026Coventry - 3-week camera courses for beginners - Everything to get off Automatic mode and learn how to be more creative with Composition and Camera,Coventry,"45 Hathaway Road, Coventry, England, CV4 9HW, United Kingdom",CV4 9HW,https://www.alanranger.com/beginners-photography-lessons/camera-courses-for-beginners-coventry-mw83l,https://images.squarespace-cdn.com/content/v1/5013f4b2c4aaa4752ac69b17/1629536412755-A3NEF7ZNBOQ1044I8WVM/beginners-photography-courses.jpg,,13/11/2025 19:12,Published
Lightroom Classic Photo Editing Classes - Week 3 of 3 - 27-5,27/05/2026,19:00:00,27/05/2026,21:00:00,"beginners-lightroom,courses-near-me,location-coventry","collections,composition,exporting,exposure,lightroom,photo-critiques,photo-editing,photoshop",27/05/2026Coventry - Lightroom photo editing classes - Learn how to use Lightroom Classic on this 3-week course. From the organisation and workflow to editing,Coventry,"45 Hathaway Road, Coventry, England, CV4 9HW, United Kingdom",CV4 9HW,https://www.alanranger.com/beginners-photography-lessons/lightroom-photo-editing-classes-wk3-9b3t3,https://images.squarespace-cdn.com/content/v1/5013f4b2c4aaa4752ac69b17/1675589565448-JHL9406XQ7598QHPOLW5/-LIGHTROOM+COURSE+BLACK.png,,12/01/2026 14:52,Published
Lightroom Classic Photo Editing Classes -Week 1 of 3 - 7-9,07/09/2026,19:00:00,07/09/2026,21:00:00,"beginners-lightroom,courses-near-me,enrol-date,location-coventry","collections,composition,exporting,exposure,lightroom,photo-critiques,photo-editing,photoshop,Week-1",07/09/2026Coventry - Lightroom photo editing classes - Learn how to use Lightroom Classic on this 3-week course. From the organisation and workflow to editing,Coventry,"45 Hathaway Road, Coventry, England, CV4 9HW, United Kingdom",CV4 9HW,https://www.alanranger.com/beginners-photography-lessons/lightroom-photo-editing-classes-wk1,https://images.squarespace-cdn.com/content/v1/5013f4b2c4aaa4752ac69b17/1675589565448-JHL9406XQ7598QHPOLW5/-LIGHTROOM+COURSE+BLACK.png,,12/01/2026 14:52,Published
Lightroom Classic Photo Editing Classes -Week 2 of 3 -14-9,14/09/2026,19:00:00,14/09/2026,21:00:00,"beginners-lightroom,courses-near-me,location-coventry","collections,composition,exporting,exposure,lightroom,photo-critiques,photo-editing,photoshop",14/09/2026Coventry - Lightroom photo editing classes - Learn how to use Lightroom Classic on this 3-week course. From the organisation and workflow to editing,Coventry,"45 Hathaway Road, Coventry, England, CV4 9HW, United Kingdom",CV4 9HW,https://www.alanranger.com/beginners-photography-lessons/lightroom-photo-editing-classes-wk2,https://images.squarespace-cdn.com/content/v1/5013f4b2c4aaa4752ac69b17/1675589565448-JHL9406XQ7598QHPOLW5/-LIGHTROOM+COURSE+BLACK.png,,12/01/2026 14:52,Published
Lightroom Classic Photo Editing Classes -Week 3 of 3 -21-9,21/09/2026,19:00:00,21/09/2026,21:00:00,"beginners-lightroom,courses-near-me,location-coventry","collections,composition,exporting,exposure,lightroom,photo-critiques,photo-editing,photoshop",21/09/2026Coventry - Lightroom photo editing classes - Learn how to use Lightroom Classic on this 3-week course. From the organisation and workflow to editing,Coventry,"45 Hathaway Road, Coventry, England, CV4 9HW, United Kingdom",CV4 9HW,https://www.alanranger.com/beginners-photography-lessons/lightroom-photo-editing-classes-wk3,https://images.squarespace-cdn.com/content/v1/5013f4b2c4aaa4752ac69b17/1675589565448-JHL9406XQ7598QHPOLW5/-LIGHTROOM+COURSE+BLACK.png,,12/01/2026 14:52,Published
Lightroom Classic Photo Editing Classes - Week 1 of 3 -12-11,12/11/2026,19:00:00,12/11/2026,21:00:00,"beginners-lightroom,courses-near-me,enrol-date,location-coventry","collections,composition,exporting,exposure,lightroom,photo-critiques,photo-editing,photoshop,Week-1",12/11/2026Coventry - Lightroom photo editing classes - Learn how to use Lightroom Classic on this 3-week course. From the organisation and workflow to editing,Coventry,"45 Hathaway Road, Coventry, England, CV4 9HW, United Kingdom",CV4 9HW,https://www.alanranger.com/beginners-photography-lessons/lightroom-photo-editing-classes-wk1-kdh5k,https://images.squarespace-cdn.com/content/v1/5013f4b2c4aaa4752ac69b17/1675589565448-JHL9406XQ7598QHPOLW5/-LIGHTROOM+COURSE+BLACK.png,,12/01/2026 14:52,Published
Lightroom Classic Photo Editing Classes - Week 2 of 3 -19-11,19/11/2026,19:00:00,19/11/2026,21:00:00,"beginners-lightroom,courses-near-me,location-coventry","collections,composition,exporting,exposure,lightroom,photo-critiques,photo-editing,photoshop",19/11/2026Coventry - Lightroom photo editing classes - Learn how to use Lightroom Classic on this 3-week course. From the organisation and workflow to editing,Coventry,"45 Hathaway Road, Coventry, England, CV4 9HW, United Kingdom",CV4 9HW,https://www.alanranger.com/beginners-photography-lessons/lightroom-photo-editing-classes-wk2-n8l4l,https://images.squarespace-cdn.com/content/v1/5013f4b2c4aaa4752ac69b17/1675589565448-JHL9406XQ7598QHPOLW5/-LIGHTROOM+COURSE+BLACK.png,,12/01/2026 14:51,Published
Lightroom Classic Photo Editing Classes - Week 3 of 3 -26-11,26/11/2026,19:00:00,26/11/2026,21:00:00,"beginners-lightroom,courses-near-me,location-coventry","collections,composition,exporting,exposure,lightroom,photo-critiques,photo-editing,photoshop",26/11/2026Coventry - Lightroom photo editing classes - Learn how to use Lightroom Classic on this 3-week course. From the organisation and workflow to editing,Coventry,"45 Hathaway Road, Coventry, England, CV4 9HW, United Kingdom",CV4 9HW,https://www.alanranger.com/beginners-photography-lessons/lightroom-photo-editing-classes-wk3-7cd64,https://images.squarespace-cdn.com/content/v1/5013f4b2c4aaa4752ac69b17/1675589565448-JHL9406XQ7598QHPOLW5/-LIGHTROOM+COURSE+BLACK.png,,12/01/2026 14:53,Published
Camera Courses For Beginners - Week 1 of 3 - Coventry Jan,06/01/2026,19:00:00,06/01/2026,21:00:00,"beginners-courses,beginners-photography,courses-near-me,enrol-date,location-coventry","camera-settings,composition,exposure,photo-critiques,dslr-settings,Week-1",06/01/2026Coventry - 3-week camera courses for beginners - Everything to get off Automatic mode and learn how to be more creative with Composition and Camera,Coventry,"45 Hathaway Road, Coventry, England, CV4 9HW, United Kingdom",CV4 9HW,https://www.alanranger.com/beginners-photography-lessons/camera-courses-for-beginners-coventry-wk1,https://images.squarespace-cdn.com/content/v1/5013f4b2c4aaa4752ac69b17/1629536412755-A3NEF7ZNBOQ1044I8WVM/beginners-photography-courses.jpg,,13/05/2025 14:16,Published
