count,"Landing Pages (Tier A) Should be everything not in other Tiers, B, C, D, E",Product Pages (Tier B) Use Pattern Matching,Event Pages (Tier C) Use Pattern Matching,Blog Pages (Tier D) Use Pattern Matching,Academy Pages (Tier E) Specific URLS,Unmapped Pages (Tier F) Anything not mapped in other tiers
1,/,https://www.alanranger.com/photo-workshops-uk,https://www.alanranger.com/photographic-workshops-near-me,/blogs/,https://www.alanranger.com/free-online-photography-course,
2,https://www.alanranger.com/about-alan-ranger,https://www.alanranger.com/photography-services-near-me,https://www.alanranger.com/beginners-photography-lessons,/blog-page,https://www.alanranger.com/academy/login,
3,https://www.alanranger.com/awards-and-qualifications,https://www.alanranger.com/photography-services-near-me/annual-pick-n-mix-subscription,https://www.alanranger.com/beginners-photography-lessons/camera-courses-for-beginners-coventry-,/s/,https://www.alanranger.com/academy/upgrade,
4,https://www.alanranger.com/batsford-arboretum-photography,https://www.alanranger.com/photography-services-near-me/beginners-photography-course,https://www.alanranger.com/beginners-photography-lessons/camera-courses-for-beginners-coventry-2k99k,https://www.alanranger.com/blog-on-photography,,
5,https://www.alanranger.com/beginners-photography-classes,https://www.alanranger.com/photography-services-near-me/beginners-portrait-photography-course,https://www.alanranger.com/beginners-photography-lessons/camera-courses-for-beginners-coventry-2n74k,https://www.alanranger.com/blog-on-photography/mary-hamilton-rps-distinctions-panel,,
6,https://www.alanranger.com/beginners-portrait-photography-course,https://www.alanranger.com/photography-services-near-me/black-and-white-photography-course,https://www.alanranger.com/beginners-photography-lessons/camera-courses-for-beginners-coventry-2sj27,https://www.alanranger.com/blog-on-photography/best-cameras-for-beginners,,
7,https://www.alanranger.com/bluebell-woods-near-me,https://www.alanranger.com/photography-services-near-me/camera-sensor-clean,https://www.alanranger.com/beginners-photography-lessons/camera-courses-for-beginners-coventry-3yj3h,https://www.alanranger.com/blog-on-photography/tripod-for-headshots-top-picks-amp-reviews-2026,,
8,https://www.alanranger.com/contact-us-alan-ranger-photography,https://www.alanranger.com/photography-services-near-me/camera-settings-photography-field-checklists,https://www.alanranger.com/beginners-photography-lessons/camera-courses-for-beginners-coventry-4pp2p,https://www.alanranger.com/blog-on-photography/delete-duplicate-photos-in-lightroom,,
9,https://www.alanranger.com/copyright-policy-alan-ranger,https://www.alanranger.com/photography-services-near-me/composition-settings-photography-field-checklists,https://www.alanranger.com/beginners-photography-lessons/camera-courses-for-beginners-coventry-7breh,https://www.alanranger.com/blog-on-photography/take-the-on-line-colour-test,,
10,https://www.alanranger.com/corporate-photography-training,https://www.alanranger.com/photography-services-near-me/fine-art-photography-prints-canvas,https://www.alanranger.com/beginners-photography-lessons/camera-courses-for-beginners-coventry-8ar5x,https://www.alanranger.com/blog-on-photography/what-are-leading-lines-in-photography,,
11,https://www.alanranger.com/course-finder-photography-classes-near-me,https://www.alanranger.com/photography-services-near-me/fine-art-photography-prints-unframed,https://www.alanranger.com/beginners-photography-lessons/camera-courses-for-beginners-coventry-8s2ka,https://www.alanranger.com/blog-on-photography/what-do-camera-lens-filters-do,,
12,https://www.alanranger.com/data-privacy-policy,https://www.alanranger.com/photography-services-near-me/foundation-digital-pack-plus,https://www.alanranger.com/beginners-photography-lessons/camera-courses-for-beginners-coventry-bds4t,https://www.alanranger.com/blog-on-photography/what-is-white-balance-in-photography,,
13,https://www.alanranger.com/fine-art-prints,https://www.alanranger.com/photography-services-near-me/four-private-photography-classes,https://www.alanranger.com/beginners-photography-lessons/camera-courses-for-beginners-coventry-be4sb,https://www.alanranger.com/blog-on-photography/what-is-contrast-in-photography,,
14,https://www.alanranger.com/free-photography-tips,https://www.alanranger.com/photography-services-near-me/framed-fine-art-photography-prints,https://www.alanranger.com/beginners-photography-lessons/camera-courses-for-beginners-coventry-dfe,https://www.alanranger.com/blog-on-photography/camera-white-balance-settings,,
15,https://www.alanranger.com/gallery-image-portfolios,https://www.alanranger.com/photography-services-near-me/intermediates-intentions-photography-project-course,https://www.alanranger.com/beginners-photography-lessons/camera-courses-for-beginners-coventry-dg9pz,https://www.alanranger.com/blog-on-photography/art-of-macro-photography,,
16,https://www.alanranger.com/help-portrait-uk-coventry,https://www.alanranger.com/photography-services-near-me/lightroom-courses-for-beginners-coventry,https://www.alanranger.com/beginners-photography-lessons/camera-courses-for-beginners-coventry-dhecf,https://www.alanranger.com/blog-on-photography/camera-shutter-speed-settings,,
17,https://www.alanranger.com/help-site-map,https://www.alanranger.com/photography-services-near-me/monthly-online-photography-mentoring,https://www.alanranger.com/beginners-photography-lessons/camera-courses-for-beginners-coventry-hl4tm,https://www.alanranger.com/blog-on-photography/camera-metering-settings,,
18,https://www.alanranger.com/hire-a-professional-photographer-in-coventry,https://www.alanranger.com/photography-services-near-me/monthly-pick-n-mix-subscription,https://www.alanranger.com/beginners-photography-lessons/camera-courses-for-beginners-coventry-hnp3g,https://www.alanranger.com/blog-on-photography/camera-manual-exposure-settings,,
19,https://www.alanranger.com/home,https://www.alanranger.com/photography-services-near-me/photography-35bundle-photography-field-checklists,https://www.alanranger.com/beginners-photography-lessons/camera-courses-for-beginners-coventry-mw83l,https://www.alanranger.com/blog-on-photography/jpg-vs-raw-settings,,
20,https://www.alanranger.com/intentions-course-six-month-photography-project,https://www.alanranger.com/photography-services-near-me/photography-foundation-course-ebook,https://www.alanranger.com/beginners-photography-lessons/camera-courses-for-beginners-coventry-nhjlm,https://www.alanranger.com/blog-on-photography/iso-camera-settings,,
21,https://www.alanranger.com/jaguar-land-rover-els,https://www.alanranger.com/photography-services-near-me/photography-gift-vouchers,https://www.alanranger.com/beginners-photography-lessons/camera-courses-for-beginners-coventry-nzwzx,https://www.alanranger.com/blog-on-photography/finding-your-compositional-balance,,
22,https://www.alanranger.com/landscape-photography-workshops,https://www.alanranger.com/photography-services-near-me/photo-print-preparation-service-30min,https://www.alanranger.com/beginners-photography-lessons/camera-courses-for-beginners-coventry-oct1,https://www.alanranger.com/blog-on-photography/full-frame-or-crop-sensor,,
23,https://www.alanranger.com/my-ethical-policy,https://www.alanranger.com/photography-services-near-me/private-online-photography-classes-zoom,https://www.alanranger.com/beginners-photography-lessons/camera-courses-for-beginners-coventry-oct2,https://www.alanranger.com/blog-on-photography/camera-focus-plane,,
24,https://www.alanranger.com/newsletter-signup-form,https://www.alanranger.com/photography-services-near-me/quarterly-pick-n-mix-subscription,https://www.alanranger.com/beginners-photography-lessons/camera-courses-for-beginners-coventry-oct3,https://www.alanranger.com/blog-on-photography/lens-focal-length,,
25,https://www.alanranger.com/one-day-landscape-photography-workshops,https://www.alanranger.com/photography-services-near-me/rps-mentoring-photography-course,https://www.alanranger.com/beginners-photography-lessons/camera-courses-for-beginners-coventry-s2klg,https://www.alanranger.com/blog-on-photography/camera-exposure-checklist,,
26,https://www.alanranger.com/outdoor-photography-exposure-calculator,https://www.alanranger.com/photo-workshops-uk/abstract-and-macro-photography-workshops,https://www.alanranger.com/beginners-photography-lessons/camera-courses-for-beginners-coventry-w5nkt,https://www.alanranger.com/blog-on-photography/exposure-bracketing-checklist,,
27,https://www.alanranger.com/photo-editing-course-coventry,https://www.alanranger.com/photo-workshops-uk/batsford-arboretum-photography-workshops,https://www.alanranger.com/beginners-photography-lessons/camera-courses-for-beginners-coventry-wc34j,https://www.alanranger.com/blog-on-photography/camera-dynamic-range,,
28,https://www.alanranger.com/photography-courses-coventry,https://www.alanranger.com/photo-workshops-uk/bluebell-woodlands-photography-workshops,https://www.alanranger.com/beginners-photography-lessons/camera-courses-for-beginners-coventry-wk1,https://www.alanranger.com/blog-on-photography/camera-drive-modes-checklist,,
29,https://www.alanranger.com/photography-equipment-recommendations,https://www.alanranger.com/photo-workshops-uk/christmas-photography-workshops,https://www.alanranger.com/beginners-photography-lessons/camera-courses-for-beginners-coventry-zbcfe,https://www.alanranger.com/blog-on-photography/depth-of-field-checklist,,
30,https://www.alanranger.com/photography-gift-vouchers,https://www.alanranger.com/photo-workshops-uk/coastal-northumberland-photography-workshops,https://www.alanranger.com/beginners-photography-lessons/camera-courses-for-beginners-week-1,https://www.alanranger.com/blog-on-photography/what-is-dynamic-range-in-photography,,
31,https://www.alanranger.com/photography-lessons-online-121,https://www.alanranger.com/photo-workshops-uk/dartmoor-photography-landscape-workshop,https://www.alanranger.com/beginners-photography-lessons/camera-courses-for-beginners-week-3,https://www.alanranger.com/blog-on-photography/aperture-field-checklist,,
32,https://www.alanranger.com/photography-masterclasses-online,https://www.alanranger.com/photo-workshops-uk/dorset-landscape-photography-workshop,https://www.alanranger.com/beginners-photography-lessons/camera-courses-for-beginners-wk2,https://www.alanranger.com/blog-on-photography/what-is-focal-length-in-photography,,
33,https://www.alanranger.com/photography-mentoring-online-assignments,https://www.alanranger.com/photo-workshops-uk/exmoor-photography-workshops-lynmouth,https://www.alanranger.com/beginners-photography-lessons/lightroom-photo-editing-classes-wk1,https://www.alanranger.com/blog-on-photography/street-photography-guide,,
34,https://www.alanranger.com/photography-news-blog,https://www.alanranger.com/photo-workshops-uk/fireworks-photography-workshop-kenilworth,https://www.alanranger.com/beginners-photography-lessons/lightroom-photo-editing-classes-wk1-kdh5k,https://www.alanranger.com/blog-on-photography/still-life-photography-guide,,
35,https://www.alanranger.com/photography-payment-plan,https://www.alanranger.com/photo-workshops-uk/garden-photography-workshop,https://www.alanranger.com/beginners-photography-lessons/lightroom-photo-editing-classes-wk1-rrkhn,https://www.alanranger.com/blog-on-photography/product-photography-guide,,
36,https://www.alanranger.com/photography-presents-for-photographers,https://www.alanranger.com/photo-workshops-uk/ireland-photography-workshops-dingle,https://www.alanranger.com/beginners-photography-lessons/lightroom-photo-editing-classes-wk1-xx94r,https://www.alanranger.com/blog-on-photography/portrait-photography-guide,,
37,https://www.alanranger.com/photography-shop-services,https://www.alanranger.com/photo-workshops-uk/lake-district-photography-workshop,https://www.alanranger.com/beginners-photography-lessons/lightroom-photo-editing-classes-wk2,https://www.alanranger.com/blog-on-photography/minimalist-photography-guide,,
38,https://www.alanranger.com/photography-special-offers,https://www.alanranger.com/photo-workshops-uk/landscape-peak-district-photography-workshops-derbyshire,https://www.alanranger.com/beginners-photography-lessons/lightroom-photo-editing-classes-wk2-55f3d,https://www.alanranger.com/blog-on-photography/what-is-portrait-photography,,
39,https://www.alanranger.com/photography-tuition-services,https://www.alanranger.com/photo-workshops-uk/landscape-photography-devon-hartland-quay,https://www.alanranger.com/beginners-photography-lessons/lightroom-photo-editing-classes-wk2-n8l4l,https://www.alanranger.com/blog-on-photography/macro-photography-guide,,
40,https://www.alanranger.com/photography-workshops,https://www.alanranger.com/photo-workshops-uk/landscape-photography-snowdonia-workshops,https://www.alanranger.com/beginners-photography-lessons/lightroom-photo-editing-classes-wk2-y3262,https://www.alanranger.com/blog-on-photography/what-is-depth-of-field,,
41,https://www.alanranger.com/photography-workshops-near-me,https://www.alanranger.com/photo-workshops-uk/landscape-photography-wales-photo-workshop,https://www.alanranger.com/beginners-photography-lessons/lightroom-photo-editing-classes-wk3,https://www.alanranger.com/blog-on-photography/what-is-still-life-photography,,
42,https://www.alanranger.com/private-photography-lessons,https://www.alanranger.com/photo-workshops-uk/landscape-photography-workshop-norfolk,https://www.alanranger.com/beginners-photography-lessons/lightroom-photo-editing-classes-wk3-42ynf,https://www.alanranger.com/blog-on-photography/long-exposure-photography-guide,,
43,https://www.alanranger.com/professional-commercial-photographer-coventry,https://www.alanranger.com/photo-workshops-uk/landscape-photography-workshops-anglesey,https://www.alanranger.com/beginners-photography-lessons/lightroom-photo-editing-classes-wk3-7cd64,https://www.alanranger.com/blog-on-photography/landscape-photography-guide,,
44,https://www.alanranger.com/professional-photographer-near-me,https://www.alanranger.com/photo-workshops-uk/landscape-photography-workshops-nant-mill,https://www.alanranger.com/beginners-photography-lessons/lightroom-photo-editing-classes-wk3-9b3t3,https://www.alanranger.com/blog-on-photography/black-and-white-photography-guide,,
45,https://www.alanranger.com/rps-courses-mentoring-distinctions,https://www.alanranger.com/photo-workshops-uk/long-exposure-photography-kenilworth,https://www.alanranger.com/beginners-photography-lessons/rps-courses-rps-distinctions-mentoring-1,https://www.alanranger.com/blog-on-photography/architecture-photography-guide-checklist,,
46,https://www.alanranger.com/schedule-an-appointment,https://www.alanranger.com/photo-workshops-uk/long-exposure-photography-workshop-fairy-glen,https://www.alanranger.com/beginners-photography-lessons/rps-courses-rps-distinctions-mentoring-2,https://www.alanranger.com/blog-on-photography/photography-storytelling-composition,,
47,https://www.alanranger.com/terms-and-conditions,https://www.alanranger.com/photo-workshops-uk/long-exposure-photography-workshops-burnham,https://www.alanranger.com/beginners-photography-lessons/rps-courses-rps-distinctions-mentoring-3,https://www.alanranger.com/blog-on-photography/composition-photography-style,,
48,https://www.alanranger.com/testimonials-customer-reviews,https://www.alanranger.com/photo-workshops-uk/north-yorkshire-landscape-photography,https://www.alanranger.com/beginners-photography-lessons/rps-courses-rps-distinctions-mentoring-4,https://www.alanranger.com/blog-on-photography/photography-composition-observation,,
49,https://www.alanranger.com/website-cookie-policy,https://www.alanranger.com/photo-workshops-uk/peak-district-heather-photography-workshop,https://www.alanranger.com/beginners-photography-lessons/rps-courses-rps-distinctions-mentoring-5,https://www.alanranger.com/blog-on-photography/photography-composition-negative-spacee,,
50,https://www.alanranger.com/website-terms-and-conditions,https://www.alanranger.com/photo-workshops-uk/photography-workshops-chesterton-windmill,https://www.alanranger.com/beginners-photography-lessons/rps-courses-rps-distinctions-mentoring-6,https://www.alanranger.com/blog-on-photography/photography-composition-leading-lines,,
51,https://www.alanranger.com/which-photography-style-is-right-for-you,https://www.alanranger.com/photo-workshops-uk/photography-workshops-lavender-fields,https://www.alanranger.com/photographic-workshops-near-me/abstract-and-macro-photography-workshop,https://www.alanranger.com/blog-on-photography/photography-composition-framing,,
52,,https://www.alanranger.com/photo-workshops-uk/poppy-fields-photography-workshops,https://www.alanranger.com/photographic-workshops-near-me/abstract-and-macro-photography-workshop-coventry,https://www.alanranger.com/blog-on-photography/photography-contrast-composition,,
53,,https://www.alanranger.com/photo-workshops-uk/secrets-of-woodland-photography-workshop,https://www.alanranger.com/photographic-workshops-near-me/anglesey-photography-workshop-wales,https://www.alanranger.com/blog-on-photography/photography-compositional-balance,,
54,,https://www.alanranger.com/photo-workshops-uk/sezincote-garden-photography-workshop,https://www.alanranger.com/photographic-workshops-near-me/batsford-arboretum-autumn-photography-1nov,https://www.alanranger.com/blog-on-photography/photography-composition-rules,,
55,,https://www.alanranger.com/photo-workshops-uk/suffolk-landscape-photography-workshops,https://www.alanranger.com/photographic-workshops-near-me/batsford-arboretum-autumn-photography-29oct,https://www.alanranger.com/blog-on-photography/what-is-framing-in-photography,,
56,,https://www.alanranger.com/photo-workshops-uk/urban-architecture-photography-workshops-coventry,https://www.alanranger.com/photographic-workshops-near-me/batsford-arboretum-autumn-photography-2nov,https://www.alanranger.com/blog-on-photography/15-principles-to-improve-composition,,
57,,https://www.alanranger.com/photo-workshops-uk/wales-photography-workshop-pistyll-rhaeadr,https://www.alanranger.com/photographic-workshops-near-me/batsford-arboretum-autumn-photography-30oct,https://www.alanranger.com/blog-on-photography/what-is-manual-exposure-in-photography,,
58,,https://www.alanranger.com/photo-workshops-uk/woodland-photography-walk-warwickshire,https://www.alanranger.com/photographic-workshops-near-me/batsford-arboretum-autumn-photography-31oct,https://www.alanranger.com/blog-on-photography/what-is-aperture-in-photography,,
59,,https://www.alanranger.com/photo-workshops-uk/yorkshire-dales-photography-workshops,https://www.alanranger.com/photographic-workshops-near-me/batsford-arboretum-autumn-photography-3nov,https://www.alanranger.com/blog-on-photography/tripod-for-cameras-essential-guide,,
60,,,https://www.alanranger.com/photographic-workshops-near-me/bluebell-photography-photo-workshop-warwickshire-01,https://www.alanranger.com/blog-on-photography/what-is-negative-space-in-photography,,
61,,,https://www.alanranger.com/photographic-workshops-near-me/bluebell-photography-photo-workshop-warwickshire-17,https://www.alanranger.com/blog-on-photography/mastering-abstract-photography,,
62,,,https://www.alanranger.com/photographic-workshops-near-me/bluebell-photography-photo-workshop-warwickshire-18,https://www.alanranger.com/blog-on-photography/product-photography-setup,,
63,,,https://www.alanranger.com/photographic-workshops-near-me/bluebell-photography-photo-workshop-warwickshire-19,https://www.alanranger.com/blog-on-photography/how-to-improve-your-photography-composition,,
64,,,https://www.alanranger.com/photographic-workshops-near-me/bluebell-photography-photo-workshop-warwickshire-20,https://www.alanranger.com/blog-on-photography/are-camera-uv-filters-worth-it,,
65,,,https://www.alanranger.com/photographic-workshops-near-me/bluebell-photography-photo-workshop-warwickshire-21,https://www.alanranger.com/blog-on-photography/what-is-exposure-in-photography,,
66,,,https://www.alanranger.com/photographic-workshops-near-me/bluebell-photography-photo-workshop-warwickshire-22,https://www.alanranger.com/blog-on-photography/what-is-minimalist-photography,,
67,,,https://www.alanranger.com/photographic-workshops-near-me/bluebell-photography-photo-workshop-warwickshire-23,https://www.alanranger.com/blog-on-photography/what-is-metering-in-photography,,
68,,,https://www.alanranger.com/photographic-workshops-near-me/bluebell-photography-photo-workshop-warwickshire-24,https://www.alanranger.com/blog-on-photography/how-to-take-long-exposure-photos,,
69,,,https://www.alanranger.com/photographic-workshops-near-me/bluebell-photography-photo-workshop-warwickshire-25,https://www.alanranger.com/blog-on-photography/what-is-shutter-speed,,
70,,,https://www.alanranger.com/photographic-workshops-near-me/bluebell-photography-photo-workshop-warwickshire-29,https://www.alanranger.com/blog-on-photography/what-is-iso-in-photography,,
71,,,https://www.alanranger.com/photographic-workshops-near-me/bluebell-photography-photo-workshop-warwickshire-30,https://www.alanranger.com/blog-on-photography/full-frame-vs-cropped-sensor,,
72,,,https://www.alanranger.com/photographic-workshops-near-me/dartmoor-photography-workshop-woodlands,https://www.alanranger.com/blog-on-photography/7-essential-camera-accessories,,
73,,,https://www.alanranger.com/photographic-workshops-near-me/dingle-kerry-ireland-photography-workshop,https://www.alanranger.com/blog-on-photography/are-mirrorless-cameras-better-than-dslrs,,
74,,,https://www.alanranger.com/photographic-workshops-near-me/dorset-photography-workshop,https://www.alanranger.com/blog-on-photography/how-to-back-up-photos,,
75,,,https://www.alanranger.com/photographic-workshops-near-me/exmoor-photography-workshops-seascapes-lynmouth,https://www.alanranger.com/blog-on-photography/beyond-a-point-and-shoot-camera,,
76,,,https://www.alanranger.com/photographic-workshops-near-me/fairy-glen-betws-y-coed-photography,https://www.alanranger.com/blog-on-photography/photo-editing-software,,
77,,,https://www.alanranger.com/photographic-workshops-near-me/fairy-glen-photography-betws-y-coed,https://www.alanranger.com/blog-on-photography/wildlife-photography-practice-assignment-free-lesson,,
78,,,https://www.alanranger.com/photographic-workshops-near-me/fairy-glen-photography-wales,https://www.alanranger.com/blog-on-photography/triptych-project-photography-assignment-free-lesson,,
79,,,https://www.alanranger.com/photographic-workshops-near-me/garden-photography-workshop,https://www.alanranger.com/blog-on-photography/landscapes-photography-practise-assignment,,
80,,,https://www.alanranger.com/photographic-workshops-near-me/garden-photography-workshop-mxyms,https://www.alanranger.com/blog-on-photography/closeup-macro-photography-practice-assignment,,
81,,,https://www.alanranger.com/photographic-workshops-near-me/hartland-quay-devon-seascapes-ynfcl,https://www.alanranger.com/blog-on-photography/seasons-nature-photography-assignment,,
82,,,https://www.alanranger.com/photographic-workshops-near-me/hartland-quay-photography-devon-seascapes,https://www.alanranger.com/blog-on-photography/architecture-photography-practice-assignment,,
83,,,https://www.alanranger.com/photographic-workshops-near-me/lake-district-photography-workshop-autumn,https://www.alanranger.com/blog-on-photography/still-life-photography-practice-assignment,,
84,,,https://www.alanranger.com/photographic-workshops-near-me/lake-district-photography-workshop-late-summer,https://www.alanranger.com/blog-on-photography/street-photography-practice-assignment,,
85,,,https://www.alanranger.com/photographic-workshops-near-me/lake-district-photography-workshop-spring,https://www.alanranger.com/blog-on-photography/portrait-photography-practice-assignment,,
86,,,https://www.alanranger.com/photographic-workshops-near-me/lake-district-photography-workshop-winter,https://www.alanranger.com/blog-on-photography/black-and-white-photography-practise-assignment,,
87,,,https://www.alanranger.com/photographic-workshops-near-me/landscape-photography-snowdonia-workshop,https://www.alanranger.com/blog-on-photography/movement-and-intentional-blur-photography-assignment,,
88,,,https://www.alanranger.com/photographic-workshops-near-me/landscape-photography-wales-gower-peninsular,https://www.alanranger.com/blog-on-photography/dice-roll-serendipity-awareness-photography-assignment,,
89,,,https://www.alanranger.com/photographic-workshops-near-me/landscape-photography-workshops-yorkshire,https://www.alanranger.com/blog-on-photography/lines-shapes-and-geometry-photography-assignment,,
90,,,https://www.alanranger.com/photographic-workshops-near-me/landscape-photography-workshops-yorkshire-coast,https://www.alanranger.com/blog-on-photography/patterns-rhythm-and-repetition-photography-assignment,,
91,,,https://www.alanranger.com/photographic-workshops-near-me/lavender-photography-workshop-sunset,https://www.alanranger.com/blog-on-photography/colour-theory-in-photography-practise-assignment,,
92,,,https://www.alanranger.com/photographic-workshops-near-me/lavender-photography-workshop-sunset-19,https://www.alanranger.com/blog-on-photography/storytelling-narrative-photography-assignment,,
93,,,https://www.alanranger.com/photographic-workshops-near-me/long-exposure-photography-burnham-on-sea,https://www.alanranger.com/blog-on-photography/shadows-and-contrast-photography-practice-assignment,,
94,,,https://www.alanranger.com/photographic-workshops-near-me/long-exposure-photography-workshop-kenilworth1,https://www.alanranger.com/blog-on-photography/abstract-photography-practice-assignment-free-lesson,,
95,,,https://www.alanranger.com/photographic-workshops-near-me/long-exposure-photography-workshop-kenilworth2,https://www.alanranger.com/blog-on-photography/minimalism-photography-assignment,,
96,,,https://www.alanranger.com/photographic-workshops-near-me/long-exposure-photography-workshop-kenilworth4,https://www.alanranger.com/blog-on-photography/visual-weight-and-flow-practice-assignment,,
97,,,https://www.alanranger.com/photographic-workshops-near-me/long-exposure-photo-workshop-sunset-kenilworth,https://www.alanranger.com/blog-on-photography/handheld-vs-tripod-stability-photography-assignment,,
98,,,https://www.alanranger.com/photographic-workshops-near-me/nant-mill-woodlands,https://www.alanranger.com/blog-on-photography/filters-mastery-nd-gnd-photography,,
99,,,https://www.alanranger.com/photographic-workshops-near-me/norfolk-photography-workshop,https://www.alanranger.com/blog-on-photography/histogram-and-exposure-review,,
100,,,https://www.alanranger.com/photographic-workshops-near-me/northumberland-landscape-photography-workshop,https://www.alanranger.com/blog-on-photography/white-balance-and-colour-photography,,
101,,,https://www.alanranger.com/photographic-workshops-near-me/peak-district-photography-workshops-autumn,https://www.alanranger.com/blog-on-photography/focus-modes-and-tracking,,
102,,,https://www.alanranger.com/photographic-workshops-near-me/peak-district-photography-workshops-autumn-2,https://www.alanranger.com/blog-on-photography/light-metering-modes-practice-photography-assignment,,
103,,,https://www.alanranger.com/photographic-workshops-near-me/peak-district-photography-workshops-heathers-sunrise,https://www.alanranger.com/blog-on-photography/iso-and-noise-control-practice-assignment,,
104,,,https://www.alanranger.com/photographic-workshops-near-me/peak-district-photography-workshops-heathers-sunset,https://www.alanranger.com/blog-on-photography/shutter-speed-and-motion-photography-practice-assignment,,
105,,,https://www.alanranger.com/photographic-workshops-near-me/peak-district-photography-workshops-spring,https://www.alanranger.com/blog-on-photography/aperture-and-depth-of-field-assignment,,
106,,,https://www.alanranger.com/photographic-workshops-near-me/peak-district-photography-workshops-sunrise-heathers,https://www.alanranger.com/blog-on-photography/exposure-triangle-mastery-photography-practice-assignment,,
107,,,https://www.alanranger.com/photographic-workshops-near-me/peak-district-photography-workshops-winter,https://www.alanranger.com/blog-on-photography/best-tripod-for-landscape-photography,,
108,,,https://www.alanranger.com/photographic-workshops-near-me/poppy-fields-photography-workshop-sunrise,https://www.alanranger.com/blog-on-photography/mastering-the-art-of-seasonal-photography,,
109,,,https://www.alanranger.com/photographic-workshops-near-me/poppy-fields-photography-workshop-sunset,https://www.alanranger.com/blog-on-photography/camera-lenses-hire-or-buy,,
110,,,https://www.alanranger.com/photographic-workshops-near-me/secrets-of-woodland-photography-masterclass-autumn,https://www.alanranger.com/blog-on-photography/peter-orton-rps-distinctions,,
111,,,https://www.alanranger.com/photographic-workshops-near-me/secrets-of-woodland-photography-masterclass-spring,https://www.alanranger.com/blog-on-photography/john-simpson-rps-distinctions,,
112,,,https://www.alanranger.com/photographic-workshops-near-me/secrets-of-woodland-photography-masterclass-summer,https://www.alanranger.com/blog-on-photography/five-creative-autumn-photography-projects,,
113,,,https://www.alanranger.com/photographic-workshops-near-me/secrets-of-woodland-photography-masterclass-winter,https://www.alanranger.com/blog-on-photography/autumn-photography-tips,,
114,,,https://www.alanranger.com/photographic-workshops-near-me/sezincote-garden-photography-workshop,https://www.alanranger.com/blog-on-photography/photographing-autumn-uk-landscape-photography-guide,,
115,,,https://www.alanranger.com/photographic-workshops-near-me/somerset-photography-workshop,https://www.alanranger.com/blog-on-photography/the-way-of-wu-wei-philosophy,,
116,,,https://www.alanranger.com/photographic-workshops-near-me/suffolk-landscape-photography-workshop,https://www.alanranger.com/blog-on-photography/composition-curiousness-part-1,,
117,,,https://www.alanranger.com/photographic-workshops-near-me/sunset-chesterton-windmill-photography-workshop,https://www.alanranger.com/blog-on-photography/composition-curiousness-part-2,,
118,,,https://www.alanranger.com/photographic-workshops-near-me/sunset-chesterton-windmill-spring,https://www.alanranger.com/blog-on-photography/photo-print-sizes-resize-photos,,
119,,,https://www.alanranger.com/photographic-workshops-near-me/sunset-chesterton-windmill-spring-7gw7j,https://www.alanranger.com/blog-on-photography/composition-in-photography,,
120,,,https://www.alanranger.com/photographic-workshops-near-me/sunset-chesterton-windmill-spring-7gw7j-9akd5,https://www.alanranger.com/blog-on-photography/free-outdoor-photography-exposure-calculator,,
121,,,https://www.alanranger.com/photographic-workshops-near-me/urban-architecture-photography-workshop-coventry,https://www.alanranger.com/blog-on-photography/photography-styles-trends-and-tips,,
122,,,https://www.alanranger.com/photographic-workshops-near-me/wales-photography-workshop-vyrnwy-pistyll-rhaeadr,https://www.alanranger.com/blog-on-photography/how-to-find-your-photography-style,,
123,,,https://www.alanranger.com/photographic-workshops-near-me/woodland-photography-walk-coventry-cv4,https://www.alanranger.com/blog-on-photography/the-art-of-storytelling-photography,,
124,,,https://www.alanranger.com/photographic-workshops-near-me/woodland-photography-walk-coventry-piles-coppice,https://www.alanranger.com/blog-on-photography/the-history-of-photography,,
125,,,https://www.alanranger.com/photographic-workshops-near-me/woodland-photography-walk-coventry-tile-hill,https://www.alanranger.com/blog-on-photography/creative-photography-workshops-unlocking-your-potential,,
126,,,https://www.alanranger.com/photographic-workshops-near-me/woodland-photography-walk-hay-woods,https://www.alanranger.com/blog-on-photography/architecture-photography-guide,,
127,,,https://www.alanranger.com/photographic-workshops-near-me/woodland-photography-walk-kenilworth-crackley-woods,https://www.alanranger.com/blog-on-photography/exposure-bracketing-a-guide-for-photographers,,
128,,,https://www.alanranger.com/photographic-workshops-near-me/woodland-photography-walk-leamington-oakley-wood,https://www.alanranger.com/blog-on-photography/photography-is-an-art-of-observation,,
129,,,https://www.alanranger.com/photographic-workshops-near-me/woodland-photography-walk-meriden-millisons-wood,https://www.alanranger.com/blog-on-photography/master-photography-with-a-photography-tutor,,
130,,,https://www.alanranger.com/photographic-workshops-near-me/woodland-photography-walk-solihull-hay-woods,https://www.alanranger.com/blog-on-photography/street-photography-tips,,
131,,,https://www.alanranger.com/photographic-workshops-near-me/yorkshire-dales-photography-workshop,https://www.alanranger.com/blog-on-photography/what-is-focus-in-photography,,
132,,,,https://www.alanranger.com/blog-on-photography/10-basic-camera-settings-for-camera,,
133,,,,https://www.alanranger.com/blog-on-photography/best-camera-bags-for-different-trips,,
134,,,,https://www.alanranger.com/blog-on-photography/jpeg-vs-raw-the-key-differences,,
135,,,,https://www.alanranger.com/blog-on-photography/camera-sensor-cleaning-guide,,
136,,,,https://www.alanranger.com/blog-on-photography/top-tips-for-photographing-bluebells,,
137,,,,https://www.alanranger.com/blog-on-photography/mastering-landscape-photography-tips-and-techniques,,
138,,,,https://www.alanranger.com/blog-on-photography/mastering-photography-composition-rules,,
139,,,,https://www.alanranger.com/blog-on-photography/black-and-white-photography-for-beginners,,
140,,,,https://www.alanranger.com/blog-on-photography/the-studies-to-become-a-professional-photographer,,
141,,,,https://www.alanranger.com/blog-on-photography/photography-english-talk-with-confidence,,
142,,,,https://www.alanranger.com/blog-on-photography/become-a-photographer-on-campus,,
143,,,,https://www.alanranger.com/blog-on-photography/learn-photography-online-photography-classes,,
144,,,,https://www.alanranger.com/blog-on-photography/technical-skills-photography-students-need,,
145,,,,https://www.alanranger.com/blog-on-photography/top-bluebell-woodland-tips,,
146,,,,https://www.alanranger.com/blog-on-photography/what-are-camera-drive-modes,,
147,,,,https://www.alanranger.com/blog-on-photography/how-much-do-photographers-earn,,
148,,,,https://www.alanranger.com/blog-on-photography/how-to-improve-your-woodland-pictures,,
149,,,,https://www.alanranger.com/blog-on-photography/midlands-photography-workshops-with-alan-ranger,,
150,,,,https://www.alanranger.com/blog-on-photography/secrets-to-woodland-photography-masterclass,,
151,,,,https://www.alanranger.com/blog-on-photography/professional-commercial-photography-in-coventry,,
152,,,,https://www.alanranger.com/blog-on-photography/mastering-the-art-of-winter-photography,,
153,,,,https://www.alanranger.com/blog-on-photography/mastering-the-art-of-shadow-photography,,
154,,,,https://www.alanranger.com/blog-on-photography/guide-preparing-for-your-photography-workshop,,
155,,,,https://www.alanranger.com/blog-on-photography/photography-evening-classes-fun-informative,,
156,,,,https://www.alanranger.com/blog-on-photography/landscape-fine-art-photography-prints,,
157,,,,https://www.alanranger.com/blog-on-photography/best-product-photography-tripod,,
158,,,,https://www.alanranger.com/blog-on-photography/selecting-the-ideal-product-photographer,,
159,,,,https://www.alanranger.com/blog-on-photography/kentfaith-concept-square-filter-system,,
160,,,,https://www.alanranger.com/blog-on-photography/know-your-camera-filters,,
161,,,,https://www.alanranger.com/blog-on-photography/secrets-of-lake-district-landscape-photography,,
162,,,,https://www.alanranger.com/blog-on-photography/tripods-a-photographers-best-friend,,
163,,,,https://www.alanranger.com/blog-on-photography/manfrotto-befree-tripod-review,,
164,,,,https://www.alanranger.com/blog-on-photography/alistair-willis-rps-distinctions,,
165,,,,https://www.alanranger.com/blog-on-photography/lightroom-classic-latest-version-whats-new,,
166,,,,https://www.alanranger.com/blog-on-photography/creative-potential-with-nik-collection-7,,
167,,,,https://www.alanranger.com/blog-on-photography/how-mirrorless-cameras-are-shaping-photography,,
168,,,,https://www.alanranger.com/blog-on-photography/case-barbara-voules-rps-distinctions,,
169,,,,https://www.alanranger.com/blog-on-photography/case-study-ian-slater-rps-distinctions,,
170,,,,https://www.alanranger.com/blog-on-photography/how-to-take-professional-photos,,
171,,,,https://www.alanranger.com/blog-on-photography/beginners-photography-course-in-coventry,,
172,,,,https://www.alanranger.com/blog-on-photography/learn-landscape-photography-techniques,,
173,,,,https://www.alanranger.com/blog-on-photography/prepare-for-photography-courses,,
174,,,,https://www.alanranger.com/blog-on-photography/professional-commercial-photography-elevate-your-business,,
175,,,,https://www.alanranger.com/blog-on-photography/exposure-bracketing-photos,,
176,,,,https://www.alanranger.com/blog-on-photography/learn-photography-basics-with-a-mentor,,
177,,,,https://www.alanranger.com/blog-on-photography/the-perfect-travel-tripod-benro-cyanbird,,
178,,,,https://www.alanranger.com/blog-on-photography/alternative-long-exposure-photography-techniques,,
179,,,,https://www.alanranger.com/blog-on-photography/whats-new-in-lightroom-classic-13,,
180,,,,https://www.alanranger.com/blog-on-photography/northumberland-landscape-photography-why-northumbria,,
181,,,,https://www.alanranger.com/blog-on-photography/north-devon-photography-workshops-why-devon,,
182,,,,https://www.alanranger.com/blog-on-photography/why-snowdonia-landscape-photography-workshops,,
183,,,,https://www.alanranger.com/blog-on-photography/social-media-for-photographers-tips,,
184,,,,https://www.alanranger.com/blog-on-photography/enhancing-your-photography-with-kase-filters,,
185,,,,https://www.alanranger.com/blog-on-photography/ultimate-guide-to-summer-landscape-photography,,
186,,,,https://www.alanranger.com/blog-on-photography/photography-basics-how-to-improve-photography,,
187,,,,https://www.alanranger.com/blog-on-photography/creative-editing-with-nik-collection-6,,
188,,,,https://www.alanranger.com/blog-on-photography/partner-to-jaguar-land-rover-training,,
189,,,,https://www.alanranger.com/blog-on-photography/become-a-better-photographer,,
190,,,,https://www.alanranger.com/blog-on-photography/camera-bag-review-of-manfrotto-backpack,,
191,,,,https://www.alanranger.com/blog-on-photography/kase-filters-and-lightroom-queen-deals,,
192,,,,https://www.alanranger.com/blog-on-photography/photography-concepts-for-beginners,,
193,,,,https://www.alanranger.com/blog-on-photography/used-cameras-and-lenses,,
194,,,,https://www.alanranger.com/blog-on-photography/5-stages-to-improve-your-photography,,
195,,,,https://www.alanranger.com/blog-on-photography/keeping-sensors-clean-sensor-cleaning,,
196,,,,https://www.alanranger.com/blog-on-photography/shooting-in-low-light,,
197,,,,https://www.alanranger.com/blog-on-photography/case-study-janice-jordan-rps-distinctions,,
198,,,,https://www.alanranger.com/blog-on-photography/top-6-tips-for-photographing-fireworks,,
199,,,,https://www.alanranger.com/blog-on-photography/photography-tips-10-things-to-know,,
200,,,,https://www.alanranger.com/blog-on-photography/case-study-kirsten-pearce-rps-distinctions,,
201,,,,https://www.alanranger.com/blog-on-photography/haiku-with-a-picture-shahai,,
202,,,,https://www.alanranger.com/blog-on-photography/photography-lessons-for-beginners,,
203,,,,https://www.alanranger.com/blog-on-photography/expressive-photography-hard-often-frustrating,,
204,,,,https://www.alanranger.com/blog-on-photography/the-camera-is-an-instrument-,,
205,,,,https://www.alanranger.com/blog-on-photography/recommended-travel-lightweight-tripods,,
206,,,,https://www.alanranger.com/blog-on-photography/case-study-max-dobres-rps-distinctions,,
207,,,,https://www.alanranger.com/blog-on-photography/camera-care-guide,,
208,,,,https://www.alanranger.com/blog-on-photography/jacki-rosin-arps-rhs-exhibition,,
209,,,,https://www.alanranger.com/blog-on-photography/winter-photography-magic,,
210,,,,https://www.alanranger.com/blog-on-photography/case-study-dennis-jeffrey-rps-distinctions,,
211,,,,https://www.alanranger.com/blog-on-photography/choosing-a-camera,,
212,,,,https://www.alanranger.com/blog-on-photography/rps-distinctions-group-cfp5t,,
213,,,,https://www.alanranger.com/blog-on-photography/5-reasons-to-use-a-tripod,,
214,,,,https://www.alanranger.com/blog-on-photography/partnership-with-one-vision-imaging,,
215,,,,https://www.alanranger.com/blog-on-photography/using-a-nd-filter,,
216,,,,https://www.alanranger.com/blog-on-photography/learn-photography-how,,
217,,,,https://www.alanranger.com/blog-on-photography/tripods-gitzo-vs-benro-review,,
218,,,,https://www.alanranger.com/blog-on-photography/photographers-composition-viewing-frame,,
219,,,,https://www.alanranger.com/blog-on-photography/ten-tips-towards-better-composition,,
220,,,,https://www.alanranger.com/blog-on-photography/basics-how-to-use-a-tripod,,
221,,,,https://www.alanranger.com/blog-on-photography/how-to-become-a-better-photographer,,
222,,,,https://www.alanranger.com/blog-on-photography/photography-basics-creative-photo-projects,,
223,,,,https://www.alanranger.com/blog-on-photography/case-study-janet-boulter-rps-distinctions,,
224,,,,https://www.alanranger.com/blog-on-photography/which-lens-should-i-buy-next,,
225,,,,https://www.alanranger.com/blog-on-photography/photography-basics-creative-editing,,
226,,,,https://www.alanranger.com/blog-on-photography/top-10-composition-mistakes-beginners-make,,
227,,,,https://www.alanranger.com/blog-on-photography/advanced-editing-with-nik-collection,,
228,,,,https://www.alanranger.com/blog-on-photography/case-study-jacki-rosin,,
229,,,,https://www.alanranger.com/blog-on-photography/hartland-quay-devon-coastal-workshop,,
230,,,,https://www.alanranger.com/blog-on-photography/virtual-bluebell-photoshoot,,
231,,,,https://www.alanranger.com/blog-on-photography/case-study-chris-shaw,,
232,,,,https://www.alanranger.com/blog-on-photography/photography-show-buying-advice,,
233,,,,https://www.alanranger.com/blog-on-photography/case-study-francis-peckham-rps-distinctions,,
234,,,,https://www.alanranger.com/blog-on-photography/avoid-camera-shake,,
235,,,,https://www.alanranger.com/blog-on-photography/case-study-vincenzo-albano-rps-distinctions,,
236,,,,https://www.alanranger.com/blog-on-photography/case-study-jacki-rosin-rps-distinctions,,
237,,,,https://www.alanranger.com/blog-on-photography/ireland-photography-workshop-recce-report,,
238,,,,https://www.alanranger.com/blog-on-photography/new-partnership-with-one-vision-imaging,,
239,,,,https://www.alanranger.com/blog-on-photography/case-study-anne-watkinson-rps-distinctions,,
240,,,,https://www.alanranger.com/blog-on-photography/case-study-paul-kirby-rps-distinctions,,
241,,,,https://www.alanranger.com/blog-on-photography/case-study-joyce-james-rps-distinctions,,
242,,,,https://www.alanranger.com/blog-on-photography/photographers-rights-in-the-uk,,
243,,,,https://www.alanranger.com/blog-on-photography/creative-photo-editing,,
244,,,,https://www.alanranger.com/blog-on-photography/a-christmas-day-memory-crisis,,
245,,,,https://www.alanranger.com/blog-on-photography/how-to-make-moving-photographs,,
246,,,,https://www.alanranger.com/blog-on-photography/suffolk-punch-personal-perspective,,
247,,,,https://www.alanranger.com/blog-on-photography/photographers-copyright-digital-images-photographs,,
248,,,,https://www.alanranger.com/blog-on-photography/help-portrait-coventry-report,,
249,,,,https://www.alanranger.com/blog-on-photography/help-portrait-uk-coventry-school-shoot,,
250,,,,https://www.alanranger.com/blog-on-photography/schools-photo-project,,
251,,,,https://www.alanranger.com/blog-on-photography/shooting-night-time-photography-tips,,
252,,,,https://www.alanranger.com/blog-on-photography/rubys-first-photo-project,,
253,,,,https://www.alanranger.com/blog-on-photography/help-portrait-uk-coventry,,
254,,,,https://www.alanranger.com/blog-on-photography/learn-how-to-use-lightroom,,
255,,,,https://www.alanranger.com/blog-on-photography/my-rps-distinctions-journey-mike-ford,,
256,,,,https://www.alanranger.com/blog-on-photography/camera-leveling-dont-be-wonky,,
257,,,,https://www.alanranger.com/blog-on-photography/struggle-to-see-your-camera-screen,,
258,,,,https://www.alanranger.com/blog-on-photography/photography-equipment-for-beginners,,
259,,,,https://www.alanranger.com/blog-on-photography/iphone-camera-vs-the-digital-camera,,
260,,,,https://www.alanranger.com/blog-on-photography/photography-the-epitome-of-art,,
261,,,,https://www.alanranger.com/blog-on-photography/case-study-mike-ford,,
262,,,,https://www.alanranger.com/blog-on-photography/case-study-joyce-james,,
263,,,,https://www.alanranger.com/blog-on-photography/photography-for-kids,,
264,,,,https://www.alanranger.com/blog-on-photography/case-study-kirsten-pearce,,
265,,,,https://www.alanranger.com/blog-on-photography/abstract-photography-1,,
266,,,,https://www.alanranger.com/blog-on-photography/7-most-common-camera-exposure-mistakes,,
267,,,,https://www.alanranger.com/blog-on-photography/best-way-to-learn-photography-2026,,
268,,,,https://www.alanranger.com/blog-on-photography/professional-headshots-for-linkedin,,
269,,,,https://www.alanranger.com/blog-on-photography/portrait-photography-tips,,
270,,,,https://www.alanranger.com/blog-on-photography/learn-photography-online,,
271,,,,https://www.alanranger.com/blog-on-photography/how-to-take-real-estate-photos,,
272,,,,https://www.alanranger.com/blog-on-photography/night-photography-settings,,
273,,,,https://www.alanranger.com/blog-on-photography/corporate-headshot-photography,,
274,,,,https://www.alanranger.com/blog-on-photography/product-photography-ideas,,
275,,,,https://www.alanranger.com/blog-on-photography/natural-light-photography-tips,,
276,,,,https://www.alanranger.com/blog-on-photography/how-to-photograph-jewelry,,
277,,,,https://www.alanranger.com/blog-on-photography/diy-product-photography,,
278,,,,https://www.alanranger.com/blog-on-photography/product-photography-lighting,,
279,,,,https://www.alanranger.com/blog-on-photography/how-to-photograph-artwork,,
280,,,,https://www.alanranger.com/blog-on-photography/real-estate-photography-tips,,
281,,,,https://www.alanranger.com/blog-on-photography/how-to-take-product-photos-with-iphone,,
282,,,,https://www.alanranger.com/blog-on-photography/how-to-photograph-fireworks,,
283,,,,https://www.alanranger.com/blog-on-photography/product-photography-warwickshire,,
284,,,,https://www.alanranger.com/blog-on-photography/corporate-photography-training-coventry,,
285,,,,https://www.alanranger.com/blog-on-photography/photography-gift-vouchers-ideas,,
286,,,,https://www.alanranger.com/blog-on-photography/how-to-photograph-northern-lights,,
287,,,,,,
288,,,,,,
289,,,,,,
290,,,,,,
291,,,,,,
292,,,,,,
293,,,,,,
294,,,,,,
295,,,,,,
296,,,,,,
297,,,,,,
298,,,,,,
299,,,,,,
300,,,,,,
301,,,,,,
302,,,,,,
303,,,,,,
304,,,,,,
305,,,,,,
306,,,,,,
307,,,,,,
308,,,,,,
309,,,,,,
310,,,,,,
311,,,,,,
312,,,,,,
313,,,,,,
314,,,,,,
315,,,,,,
316,,,,,,
317,,,,,,
318,,,,,,
319,,,,,,
320,,,,,,
321,,,,,,
322,,,,,,
323,,,,,,
324,,,,,,
325,,,,,,
326,,,,,,
327,,,,,,
328,,,,,,
329,,,,,,
330,,,,,,
331,,,,,,
332,,,,,,
333,,,,,,
334,,,,,,
335,,,,,,
336,,,,,,
337,,,,,,
338,,,,,,
339,,,,,,
340,,,,,,
341,,,,,,
342,,,,,,
343,,,,,,
344,,,,,,
345,,,,,,
346,,,,,,
347,,,,,,
348,,,,,,
349,,,,,,
350,,,,,,
351,,,,,,
352,,,,,,
353,,,,,,
354,,,,,,
355,,,,,,
356,,,,,,
357,,,,,,
358,,,,,,
359,,,,,,
360,,,,,,
361,,,,,,
362,,,,,,
363,,,,,,
364,,,,,,
365,,,,,,
366,,,,,,
367,,,,,,
368,,,,,,
369,,,,,,
370,,,,,,
371,,,,,,
372,,,,,,
373,,,,,,
374,,,,,,
375,,,,,,
376,,,,,,
377,,,,,,
378,,,,,,
379,,,,,,
380,,,,,,
381,,,,,,
382,,,,,,
383,,,,,,
384,,,,,,
385,,,,,,
386,,,,,,
387,,,,,,
388,,,,,,
389,,,,,,
390,,,,,,
391,,,,,,
392,,,,,,
393,,,,,,
394,,,,,,
395,,,,,,
396,,,,,,
397,,,,,,
398,,,,,,
399,,,,,,
400,,,,,,
401,,,,,,
402,,,,,,
403,,,,,,
404,,,,,,
405,,,,,,
406,,,,,,
407,,,,,,
408,,,,,,
409,,,,,,
410,,,,,,
411,,,,,,
412,,,,,,
413,,,,,,
414,,,,,,
415,,,,,,
416,,,,,,
417,,,,,,
418,,,,,,
419,,,,,,
420,,,,,,
421,,,,,,
422,,,,,,
423,,,,,,
424,,,,,,
425,,,,,,
426,,,,,,
427,,,,,,
428,,,,,,
429,,,,,,
430,,,,,,
431,,,,,,
432,,,,,,
433,,,,,,
434,,,,,,
435,,,,,,
436,,,,,,
437,,,,,,
438,,,,,,
439,,,,,,
440,,,,,,
441,,,,,,
442,,,,,,
443,,,,,,
444,,,,,,
445,,,,,,
446,,,,,,
447,,,,,,
448,,,,,,
449,,,,,,
450,,,,,,
451,,,,,,
452,,,,,,
453,,,,,,
454,,,,,,
455,,,,,,
456,,,,,,
457,,,,,,
458,,,,,,
459,,,,,,
460,,,,,,
461,,,,,,
462,,,,,,
463,,,,,,
464,,,,,,
465,,,,,,
466,,,,,,
467,,,,,,
468,,,,,,
469,,,,,,
470,,,,,,
471,,,,,,
472,,,,,,
473,,,,,,
474,,,,,,
475,,,,,,
476,,,,,,
477,,,,,,
478,,,,,,
479,,,,,,
480,,,,,,
481,,,,,,
482,,,,,,
483,,,,,,
484,,,,,,
485,,,,,,
486,,,,,,
487,,,,,,
488,,,,,,
489,,,,,,
490,,,,,,
491,,,,,,
492,,,,,,
493,,,,,,
494,,,,,,
495,,,,,,
496,,,,,,
497,,,,,,
498,,,,,,
499,,,,,,
500,,,,,,
501,,,,,,
502,,,,,,
503,,,,,,
504,,,,,,
505,,,,,,
506,,,,,,
507,,,,,,
508,,,,,,
509,,,,,,
510,,,,,,
511,,,,,,
512,,,,,,
513,,,,,,
514,,,,,,
515,,,,,,
516,,,,,,
517,,,,,,
518,,,,,,
519,,,,,,
520,,,,,,
521,,,,,,
522,,,,,,
523,,,,,,
524,,,,,,
525,,,,,,
526,,,,,,
527,,,,,,
528,,,,,,
529,,,,,,
530,,,,,,
531,,,,,,
532,,,,,,
533,,,,,,
534,,,,,,
535,,,,,,
536,,,,,,
537,,,,,,
538,,,,,,
539,,,,,,
540,,,,,,
541,,,,,,
542,,,,,,
543,,,,,,
544,,,,,,
545,,,,,,
546,,,,,,
547,,,,,,
548,,,,,,
549,,,,,,
550,,,,,,
551,,,,,,
552,,,,,,
553,,,,,,
554,,,,,,
555,,,,,,
556,,,,,,
557,,,,,,
558,,,,,,
559,,,,,,
560,,,,,,
561,,,,,,
562,,,,,,
563,,,,,,
564,,,,,,
565,,,,,,
566,,,,,,
567,,,,,,
568,,,,,,
569,,,,,,
570,,,,,,
571,,,,,,
572,,,,,,
573,,,,,,
574,,,,,,
575,,,,,,
576,,,,,,
577,,,,,,
578,,,,,,
579,,,,,,
580,,,,,,
581,,,,,,
582,,,,,,
583,,,,,,
584,,,,,,
585,,,,,,
586,,,,,,
587,,,,,,
588,,,,,,
589,,,,,,
590,,,,,,
591,,,,,,
592,,,,,,
593,,,,,,
594,,,,,,
595,,,,,,
596,,,,,,
597,,,,,,
598,,,,,,
599,,,,,,
